file	sha256	lines	bytes
.DS_Store	29d0b543efad72a761091273b23f7d67a0d31b8da985072b8baa2cdb5ad7f935	0	6148
ADR-001-gsmr-to-frmcs.md	27fd680a9699802bc07f417ef090c823bfdbf43b389c109e64a238ae5ad848f2	268	30335
ADR-002-agentic-governance.md	f1e7bae21ed0342ab5db1cd8d2e6d7170f218a990e3ad24a8eb8d87dd702fb24	112	32460
Offener-Brief-FRMCS.docx	3fbd25f4596ca797d84ce633458bba28a87259863ddb1521f23ed35741ab8cf4	327	76561
Offener-Brief-FRMCS.pdf	dc840616c51123cf2f95905bb6c0104be7b2276eea5d881e14ef9886e0ff4586	2718	165815
banner.png	e5ebe7b573a670fbbd9f2d1d5377d33398670d7d3f21cf02150d4a85a39ffa9e	185	61323
diagrams/agentic-governance-dark.png	bfd9a005f97ecd085320112447c856f2ee1ea4a3a87da9ac35dd3082904e0242	478	153962
diagrams/agentic-governance-dark.svg	b4f6e8e99ad0b585dcf7abe8d0def493150af3e7858d9e1b76cd07122e5f9792	95	7819
diagrams/agentic-governance-light.png	8de04fde2fa3a4ef137493ed24ac18f26300e9c5825d63e7ebe449615f3579fd	432	154551
diagrams/agentic-governance-light.svg	c15d39315fffa66d41bc14446801f7d9e15977f567172b363ca0faeaadc6e6a8	95	7819
diagrams/asis-tobe-how-light.png	94a57a63959d0bac4f1b7a01e96a1f658a3fa8bb9a6380a30978517e834ae103	399	139799
diagrams/asis-tobe-how-light.svg	7c47be442a11586b343a4df7ec26cd9745eecdccc5d8cbca67b0e60c7764b54b	80	6422
evidence-log-security.md	1a0102cc47ceb4f9c9b34564db77f133196494e5f85bbb793095820dfb5e69b1	202	176458
evidence-log.md	bdb1e07447f6b738bb9263ab647a7821eefcf2ca8f120e2a0cf83ada4acc730d	522	2001670
incident-annex.md	65bb8dc645a538c8a3dbaa7809dd9f92c0ee83b9f2f2a0e49e74c1ca05e8a8ca	57	11819
linkedin-post-decision-drift.md	f21f46b41b84d956dd0f96226d311e9f2042ff22325d4a1a4807edfb3703b8e8	37	4044
linkedin-post-outage.md	b40deb541f4b3cb18d31905d7bfcfe1539031a1060bba432b1f122e0523fbb91	25	2983
linkedin-post-security-prompt.md	c5994daac77edf153c0729f84daa63671d6ed70e125a96489d64f9cd835ed1ad	255	23130
offener-brief-frmcs-risiko-kommunikation.md	0aa5b7d3765b761c9a4087fc7b00afcc901faff81c67702abf955a12273bd89f	112	15504
project/.DS_Store	beb0d1c83dec88866d1b6928eac35038884904dc1c8d745ed9acef35bfd0928b	0	6148
project/00-charter.md	7751d4d4115fe3b4d9d021a4a47f571d586d4cee2597b52c37edf2843a955ff2	135	21149
project/01-governance-and-raci.md	0520afc9980af54dce4fcc9ad03d860b931e9515707e5ab87722992d2b774438	54	2625
project/02-phase-gate-plan.md	19ebb0b190bc26b11894d15fa8f186a57d692f3679ca2943a16ff0987c10bf54	45	2907
project/03-risk-register.md	3059067cc00dc70c07d75892c66955137d3cffcea378d4952a7a9f68f8dcd923	26	10696
project/04-adr-log.md	394d4350bcc37a25cae78befd23f5b0e77c5f9e46e1d9a1ee46267169a5bb7ea	67	2880
project/05-stakeholders.md	2b7c52462435968e8afbb838aebac6a6dda8266b87d6382dc8c631e02af2d20a	185	25596
project/06-ratification-readiness.md	bacf408503069053382c0cd82830fe01278ead298820da61b8d41352e4bd9194	160	21470
project/07-arb-minute-2026-08-15.md	87b28a1bbdb5276ec611bd00d054e5ea8fe69b87bca806acfce1bb695de7cace	142	12967
project/07-arb-minute-2026-08-20-2.md	3138d2aa7c392af6bfa79b40bde12ea7193eea93cc967071e55dff10ec6a5551	58	6769
project/07-arb-minute-2026-08-20.md	9f87d8cebbd480006b42a543182d37c7e55f525a6740930c3001cd523d89d2ec	69	7600
project/07-arb-minute-2026-08-23.md	277730d98f081240687f387e88b15bba08016d21a69a159a75b8f0ca87aed693	52	4851
project/07-arb-minute-2026-09-04-2.md	d8450e24121dadbe655d93edfa878720ae321572466d7385f8a09c291fcc6286	64	6398
project/07-arb-minute-2026-09-04.md	38ffbb3f4bcfad66da79ed17ff41c8d9be14750cd57160d6ea25bb0757dda228	65	10217
project/08-eba-consultation-2026-08-18.md	d9d654266d5213063748d46bc0c4bab49bb2a8dc67f1556cfbc3492cdaf57f03	200	31664
project/09-acs-enquiry-2026-08-18.md	e95312dbe6fac4354982372b6df4ecd84899a0ca2458f3cdf8fe223b003af914	69	5896
project/10-provenance-and-public-carve-out.md	9040d94cc9665b20e360ba8875355b95886145e657f6971aa3a62332348c10ec	146	12699
project/11-dlr-project-landscape.md	64ba610a1800f6dc6e42980fcedcafea4db80d0deb19f566310a27563cc3f026	81	13488
project/ADR-003-eu-ai-act-classification.md	f175166885ba40103dc990ed6140399657b59d4a62e31a4d3c7a5a9fb7635174	89	15679
project/ADR-004-sil4-boundary.md	52a405eeb813f50e8b0254129eeaa5fdec00e4d0d52acfcf16861a60576db494	116	41204
project/ADR-007-testing-canary-strategy.md	29ff9b222f22c5ed39179e7fd4f45883c1868458bbb10166d0f71341a4c47372	152	31198
project/ADR-009-fleet-retrofit.md	7455376b3236601b0bd7c8d29e177d4703ddd26fd6e5b92cf7c900b32180c474	85	16144
project/ADR-010-eval-strategy.md	7d2c027fb41522c6b81047ae0665a543bd3ef5128d4faa11225c6336e1862e7b	0	31052
project/ADR-011-migration-change-control.md	16fe5278dd82c1d67fde80ef1fc95a7335dea77445a5b57bba5aad13326d4699	136	25894
project/ADR-012-cybersecurity-conformance.md	52aed16f0d1265daf3ce5235a9bcfd4c8a0e1429e21352b992a34e5a98068346	113	53206
project/ADR-013-onboard-retrofit-pattern.md	f6bd1d4bc16768f204dd1178213946cefb67e5a36f025ed472836ea714b4013d	46	7227
project/ADR-014-two-plane-governance.md	7bf0e520dae5276a9a94c920710953b681c8f0e6bd1f17c703059247aca0ed00	33	9885
project/cso-validation-2026-07-21.md	d88aa08244f17553912bc0d74c6c047e2b0dc7473baed407a7cb5457a70f6a73	89	11412
project/diagrams/ARC-FRMCS-DIAG-001-seq-23jun-safe-stop-v1.1.md	ccff2b9e8ba2f1e706ab2176db5a5259d7ef8429ad1ff4417437b32d0ce50dc1	165	12848
project/diagrams/ARC-FRMCS-DIAG-002-seq-silent-fault-fix-v1.0.md	6328ec6a66e94ecbde674508ce50c8953f0122a2781ba3096a1f87438fcd85e1	139	7662
project/diagrams/ARC-FRMCS-DIAG-003-context-two-rooms-v1.0.md	95d2d83e4c2fa0c341d1e4446f3fe076d884f081a04df43437a088709965bc0d	158	9228
project/diagrams/ARC-FRMCS-DIAG-004-flow-alert-budget-v1.0.md	29521b09da3259675ee17ed17950dfb329ffba97bb98aa4f7379dd73e2102f94	137	7480
project/diagrams/ARC-FRMCS-DIAG-005-flow-frmcs-bar-v1.1.md	41d27bc85494b94c38dd68b4934e4a6e8d588cbfcf9f81534883f73abe67ebd8	167	11260
project/diagrams/ARC-FRMCS-DIAG-006-deploy-geo-redundancy-v1.0.md	2abe00a24e7fd2e69bab0bc0ac91a02a0b647fe010a59fe593a6f157acb4fa6d	143	8838
project/diagrams/ARC-FRMCS-DIAG-007-evolution-core-3gpp-nokia-v1.0.md	444db0f3e03003fdd14b7376997008b57d5bacdfb2fb5f49e45643965ca44f00	144	8285
project/diagrams/ARC-FRMCS-DIAG-008-e2e-component-stack-v1.0.md	b11e99c85b6fc57c0b3249122587cf16a84fa40c36d92ac8c4a99db636658177	157	7884
project/diagrams/ARC-FRMCS-DIAG-009-failover-trigger-flow-v1.0.md	f36cf0155e01d34deda6c4904c1bd8eca337f1765c872de844a21b4c0a4c6def	116	8402
project/diagrams/phase-gate-light.png	4bf1c954266a57871a8b813f578d47b6aa817bbb933897687fac9a42e05c7f7e	367	127032
project/diagrams/phase-gate-light.svg	5865e6f0cb32ae9cc49f35f45eb85589e1402b34f9a556df8a78f799e644d958	55	4991
project/finding-23jun-failover-falsification.md	58e2abb64929f32474a92256bb41713ba4076649a450bd7f1a26812e97e4447d	97	10670
project/finding-dbinfrago-rel4-core-architecture.md	67d02862ca1c930826899d57f648b06d66160f6e62f6faf7571270d111be6d12	148	10887
project/finding-failover-trigger-flow-gap.md	31eab5cc78cf4dfaffcb4a06875c8baa9d47f1d47d77b22222fc2ccde14ab82c	79	5158
project/frmcs-partner-responsibility.md	b7744f17bcf86c64df2f9f04613e12bbb8ceb4ba18811ba67c446460c3420c43	29	4136
project/gsmr-e2e-equipment-map.md	803c874fc8f46699bd70f47c9b901a3d5a44181bfdeb61a1eecd61ce39247d62	109	11155
project/master-architecture-reference.md	19c7ace72477239dcf5fba46043b274c066bc8d42a425d95af160df3d74e27c1	214	20446
project/migration-change-risk-assessment.md	807fdb9f68b32e80d05ddefac7dca1b5d8bcbcd9ad8ae1638d4b119d53225bcc	102	18568
project/oversight-sil4-boundary-context.md	2709edc8e347e53fffb967232b2573815dff47ffdbef0672e68e10baf6289851	140	9625
project/paper-1-prompt.md	b4be8dfa9974f322a47ee133ec40ffc672929a7dfddcfea93156e7dcab3ea415	128	8434
project/paper-2-prompt.md	99a74f32361e2a397f8b104142ad4de96e21252a6e6897f9242448adf43f2b86	307	22385
project/paper-3-prompt.md	f8f139b4602f55c545a7567e59bbc96c3a455259e4b4e3773429944c33a732ec	179	11876
project/paper-4-prompt.md	3182edf360aadf21c32da4d5e89eee7b19af180fd041bd6b19e49cc942840cd2	165	10809
project/paper-5-prompt.md	7d9a9cda6aab3de7b12d71dd95b2eab67671f1df148dc890ca484d981c2f2257	216	14896
project/paper-6-prompt.md	1dc09b624b5900137d7962a37514865808af0d55fe01f4c234bbcbb1047c0487	164	10528
project/pivot-notes-2026-07-02.md	4ec130643029c4bf63b16a11e15b6696ef68a12a52eb63aca8b1117bd5bcb6fc	94	12319
project/pivot-prompts-2026-07-02.md	cb76e858f5b237edcb78dde95010c23f3d7919133503acd94f53659da9175c5b	204	12209
project/sdo-mapping-frmcs-gsmr-5gsa.md	a46948edb301d935299e0bb49e636735d88e66676dbfbba9d49742e3cf0fe162	291	44591
project/silent-fault-failover-cascade-sequence.md	632d798f1e38fb92008907e174f2500b38281c794042454bbd35f9efac7a4258	119	7667
project/wardley-gsmr-frmcs-transition.md	3f5a4c92e96003e2c11f7416fa6ee8e5acfd869733641f39d6d1299c1502363f	219	16260
stuttgart-etcs-report-summary.md	2af67d3bdaf362ebeda6580243d0475f3972cf0c57777f66d5f8b91dea7b862f	38	4141
traceability-matrix.md	c43eafe259f4906b5e009b789ba5ff5985fb73755203dcaf4627cdc4ec2f3176	40	21568
